{
  "collapse-filter": false,
  "search": "",
  "showTags": false,
  "showAttachments": false,
  "hideUnresolved": false,
  "showOrphans": false,
  "collapse-color-groups": false,
  "colorGroups": [
    {
      "query": "path:TODOS",
      "color": {
        "a": 1,
        "rgb": 14701138
      }
    },
    {
      "query": "path:/",
      "color": {
        "a": 1,
        "rgb": 14725458
      }
    }
  ],
  "collapse-display": false,
  "showArrow": false,
  "textFadeMultiplier": -0.1,
  "nodeSizeMultiplier": 0.943888888888889,
  "lineSizeMultiplier": 1.54277777777778,
  "collapse-forces": false,
  "centerStrength": 0.52046783625731,
  "repelStrength": 8.88888888888889,
  "linkStrength": 1,
  "linkDistance": 250,
  "scale": 0.6341859163334111,
  "close": true
}